id,text,text_vocalized,text_phonemized
gold_017_line_048,בעיקבות הישיבה ההיא הוחלט על הטלת סגר על ישראל,בְּֽעִיקְּבוֹת הַ|יְּֽשִׁיבָה הַ|הִיא הֻוחְלַט עַל הֲטָלַת סֶ֫גֶר עַל יִשְׂרָאֵל,beʔikvˈot hajeʃivˈa hahˈi huχlˈat ʔˈal hatalˈat sˈeɡeʁ ʔˈal jisʁaʔˈel
gold_000_line_101,אה זה די מדהים לראות לראות את זה לאור יום,אָה זֶה דֵּי מַדְהִים לִרְאוֹת לִרְאוֹת אֶת זֶה לְֽאוֹר יוֹם,ʔˈa zˈe dˈej madhˈim liʁʔˈot liʁʔˈot ʔˈet zˈe leʔˈoʁ jˈom
gold_021_line_040,הוא אחד מייזמי ההייטק הוותיקים שיש לנו,הוּא אֶחָד מִיִּיזְּמֵי הַ|הַיְיטֵק הַ|וָּותִיקִים שֶׁ|יֵּשׁ לָנוּ,hˈu ʔeχˈad mijizmˈej hahajtˈek havatikˈim ʃejˈeʃ lanˈu
gold_007_line_150,נמאס לי לחלוטין לעמוד בפקקים נמאס לי מהלחץ נמאס לי מחיפושי החנייה פשוט נמאס לי,נִמְאַס לִי לַחֲלוּטִין לַעֲמֹוד בַּ|פְּקָקִים נִמְאַס לִי מֵהַ|לַּ֫חַץ נִמְאַס לִי מֵ|חִיפּוּשֵׂי הַ|חֲנָיָיה פָּשׁוּט נִמְאַס לִי,nimʔˈas lˈi laχalutˈin laʔamˈod bapkakˈim nimʔˈas lˈi mehalˈaχats nimʔˈas lˈi meχipusˈej haχanajˈa paʃˈut nimʔˈas lˈi
gold_001_line_348,עוד שנייה יהיה לה מקום חדש לקרוא לו בית,עוֹד שְׁנִיָּיה יִהְיֶה לָהּ מָקוֹם חָדָשׁ לִקְרֹוא לוֹ בַּ֫יִת,ʔˈod ʃnijˈa jihjˈe lˈa makˈom χadˈaʃ likʁˈo lˈo bˈajit
gold_020_line_002,אוקיי אז בוא נלך מהקל אל הכבד בחלק הקל על אף שכבר עכשיו הטכנולוגיה מאוד מאוד מרשימה,אוֹקֵ֫יי אָז בּוֹא נֵלֵךְ מֵהַ|קַּ֫ל אֶל הַ|כָּבֵד בַּ|חֵ֫לֶק הַ|קַּ֫ל עַל אַף שֶׁ|כְּבָר עַכְשָׁיו הַ|טֶּכְנוֹל֫וֹגְיָה מְֽאוֹד מְֽאוֹד מַרְשִׁימָה,ʔokˈej ʔˈaz bˈo nelˈeχ mehakˈal ʔˈel hakavˈed baχˈelek hakˈal ʔˈal ʔˈaf ʃekvˈaʁ ʔaχʃˈav hateχnolˈoɡja meʔˈod meʔˈod maʁʃimˈa
gold_011_line_114,במערכת חיות כיס חברות גם דנה פרנק וצליל אברהם,בַּֽ|מַּעֲרֶ֫כֶת חַיּוֹת כִּיס חֲבֵרוֹת גַּם דָּ֫נָה פְרַנְק וּ|צְלִיל אַבְרָהָם,baemaʔaʁˈeχet χajˈot kˈis χaveʁˈot ɡˈam dˈana fʁˈank ˈutslil ʔavʁahˈam
gold_021_line_014,אולי הוא ישכנע גם אתכם להצטרף לעיגול לטובה,אוּלַי הוּא יְֽשַׁכְנֵ֫עַ גַּם אֶתְכֶם לְֽהִצְטָרֵף לָ|עִיגּוּל לְֽ|טוֹבָה,ʔulˈaj hˈu jeʃaχnˈea ɡˈam ʔetχˈem lehitstaʁˈef laʔiɡˈul letovˈa
gold_021_line_057,והוא משמש בתור יושב הראש שלה עד היום,וְֽ|הוּא מְֽשַׁמֵּשׁ בְּֽתוֹר יוֹשֵׁב הָ|רֹאשׁ שֶׁ|לָּהּ עַד הַיּוֹם,vehˈu meʃamˈeʃ betˈoʁ joʃˈev haʁˈoʃ ʃelˈa ʔˈad hajˈom
gold_002_line_310,פשוט כי האינפלציה כאן היא עדיין נמוכה ביחס למדינות אחרות,פָּשׁוּט כִּי הָ|אִינְפְלַ֫צְיָה כָּאן הִיא עֲדַ֫יִין נְֽמוּכָה בְּֽ|יַ֫חַס לִ|מְדִינוֹת אֲחֵרוֹת,paʃˈut kˈi haʔinflˈatsja kˈan hˈi ʔadˈajin nemuχˈa bejˈaχas limdinˈot ʔaχeʁˈot
gold_002_line_356,בארצות הברית בינתיים היכן שהאינפלציה השנתית כבר חצתה את השישה אחוזים,בְּֽ|אַרְצוֹת הַ|בְּרִית בֵּינְתַיִים הֵיכָן שֶׁ|הָ|אִינְפְלַ֫צְיָה הַ|שְּׁנָתִית כְּבָר חָצְתָה אֶת הַ|שִּׁישָּׁה אֲחוּזִים,beʔaʁtsˈot habʁˈit bentajˈim heχˈan ʃehaʔinflˈatsja haʃnatˈit kvˈaʁ χatstˈa ʔˈet haʃiʃˈa ʔaχuzˈim
gold_000_line_012,החברה האם זו שמחזיקה או החזיקה אז בוואלה,הַ|חֶבְרָה הַאִם זוֹ שֶׁ|מַּחֲזִיקָה אוֹ הֶחְזִ֫יקָה אָז בְּֽ|וָואלָה,haχevʁˈa haʔˈim zˈo ʃemaχazikˈa ʔˈo heχzˈika ʔˈaz bevalˈa
gold_012_line_119,ומתרגזת בכל פעם ומתרגזת מאוד בכל פעם שישראל טוענת אחרת,וּ|מִתְרַגֶּ֫זֶת בְּֽ|כׇל פַּ֫עַם וּ|מִתְרַגֶּ֫זֶת מְֽאוֹד בְּֽ|כׇל פַּ֫עַם שֶׁ|יִּשְׂרָאֵל טוֹעֶ֫נֶת אַחֶרֶת,umitʁaɡˈezet beχˈol pˈaʔam umitʁaɡˈezet meʔˈod beχˈol pˈaʔam ʃejisʁaʔˈel toʔˈenet ʔaχeʁˈet
gold_012_line_124,למה הם לא ממסחרים את אתר התבילה כי זה מקום קדוש הם אומרים זה לא מתאים זה כמו למסחר את הכותל,לָ֫מָּה הֵם לֹא מְֽמַסְחֲרִים אֶת אֲתַר הַ|תְּבִילָה כִּי זֶה מָקוֹם קָדוֹשׁ הֵם אוֹמְרִים זֶה לֹא מַתְאִים זֶה כְּמוֹ לְֽ|מִסְחֵ֫ר אֶת הַ|כֹּ֫ותֶל,lˈama hˈem lˈo memasχaʁˈim ʔˈet ʔatˈaʁ hatvilˈa kˈi zˈe makˈom kadˈoʃ hˈem ʔomʁˈim zˈe lˈo matʔˈim zˈe kmˈo lemisχˈeʁ ʔˈet hakˈotel
gold_001_line_022,אבל באמת נוגעים מפעילים את זה משהו בפנים,אֲבָל בֶּאֱמֶת נוֹגְֽעִים מַפְעִילִים אֶת זֶה מַ֫שֶּׁהוּ בִּפְנִים,ʔavˈal beʔemˈet noɡeʔˈim mafʔilˈim ʔˈet zˈe mˈaʃehu bifnˈim
gold_008_line_100,אני באופן אישי אחרי איזושהי תקופה עם גוגל פודקאסטס עברתי לאחרונה לספוטיפאי לא לגמרי בטוח למה אבל האמת היא שאנחנו בכל מקום בכל מקום,אֲנִי בְּֽ|אֹ֫ופֶן אִישִׁי אַחֲרֵי אֵיזוֹשֶׁהִי תְּקוּפָה עִם גּוּגֶל פוֹדְקַאסְטְס עָבַ֫רְתִּי לָאַחֲרוֹנָה לִ|סְפּוֹטִיפַאי לֹא לְֽגַמְרֵי בָּט֫וּחַ לָ֫מָּה אֲבָל הָ|אֱמֶת הִיא שֶׁ|אֲנַ֫חְנוּ בְּֽ|כׇל מָקוֹם בְּֽ|כׇל מָקוֹם,ʔanˈi beʔˈofen ʔiʃˈi ʔaχaʁˈej ʔejzoʃehˈi tkufˈa ʔˈim ɡuɡˈel fodkˈasts ʔavˈaʁti laʔaχaʁonˈa lispotifˈaj lˈo leɡamʁˈej batˈuaχ lˈama ʔavˈal haʔemˈet hˈi ʃeʔanˈaχnu beχˈol makˈom beχˈol makˈom
gold_002_line_024,לפני שלוש שנים הוא בכלל היה בצד השני של העולם בבית שלו בפרבר של פילדלפיה,לִפְנֵי שָׁלוֹשׁ שָׁנִים הוּא בִּכְלָל הָיָה בַּ|צַּד הַ|שֵּׁנִי שֶׁל הָ|עוֹלָם בַּ|בַּ֫יִת שֶׁ|לּוֹ בַּ|פַּרְבֶּר שֶׁל פִילְדֶלְפִּיָּה,lifnˈej ʃalˈoʃ ʃanˈim hˈu biχlˈal hajˈa batsˈad haʃenˈi ʃˈel haʔolˈam babˈajit ʃelˈo bapaʁbˈeʁ ʃˈel fildelpijˈa
gold_020_line_033,ככל שהדבר הזה ישתכלל ויהיו על זה אה אתה יודע יבנו על זה אפליקציות מסחריות באותו אופן שבו אה באפסטור אה של אפל או בגוגל אה בחנות אפליקציות של גוגל,כְּֽכׇל שֶׁהַ|דָּבָר הַ|זֶּה יִשְׁתַּכְלֵל וְֽ|יִהְיוּ עַל זֶה אָה אַתָּה יוֹדֵ֫עַ יִבְנוּ עַל זֶה אַפְּלִ֫יקַ֫צְיוֹת מִסְחָרִיּוֹת בְּֽ|אוֹתוֹ אֹ֫ופֶן שֶׁ|בּוֹ אָה בְּֽ|אַ֫פְּסְטוֹר אָה שֶׁל אַפֶּל אוֹ בְּֽ|גוּגֶל אָה בַּ|חֲנוּת אַפְּלִ֫יקַ֫צְיוֹת שֶׁל גּ֫וּגֶל,keχˈol ʃehadavˈaʁ hazˈe jiʃtaχlˈel vejihjˈu ʔˈal zˈe ʔˈa ʔatˈa jodˈea jivnˈu ʔˈal zˈe ʔaplˈikˈatsjot misχaʁijˈot beʔotˈo ʔˈofen ʃebˈo ʔˈa beʔˈapstoʁ ʔˈa ʃˈel ʔapˈel ʔˈo beɡuɡˈel ʔˈa baχanˈut ʔaplˈikˈatsjot ʃˈel ɡˈuɡel
gold_013_line_002,והסיפור על איך ערמקו הגיעה לבורסה ולמה הסעודים החליטו למכור בכלל כמה אחוזים מהבוננזה הכלכלית שלהם הוא סיפור מרתק,וְֽהַ|סִּיפּוּר עַל אֵיךְ עַרְמָקוֹ הִגִּ֫יעָה לַ|בּ֫וּרְסָה וְֽ|לָ֫מָּה הַ|סָּעוּדִים הֶחֱלִ֫יטוּ לִמְכֹּור בִּכְלָל כַּ֫מָּה אֲחוּזִים מֵהַ|בּוּנֶנְזָה הַ|כַּלְכָּלִית שֶׁ|לָּהֶם הוּא סִיפּוּר מְֽרַתֵּ֫ק,vehasipˈuʁ ʔˈal ʔˈejχ ʔaʁmakˈo hiɡˈiʔa labˈuʁsa velˈama hasaʔudˈim heχelˈitu limkˈoʁ biχlˈal kˈama ʔaχuzˈim mehabunenzˈa hakalkalˈit ʃelahˈem hˈu sipˈuʁ meʁatˈek
gold_016_line_021,איך אנחנו יכולים להאמין למילה ממה שאתה אומר,אֵיךְ אֲנַ֫חְנוּ יְֽכוֹלִים לְֽהַאֲמִין לַ|מִּילָּה מִ|מָּה שֶׁ|אַתָּה אוֹמֵר,ʔˈejχ ʔanˈaχnu jeχolˈim lehaʔamˈin lamilˈa mimˈa ʃeʔatˈa ʔomˈeʁ
gold_012_line_060,אתר הטבילה הפך להיות בבת אחת חלק משטח צבאי סגור,אֲתַר הַ|טְּבִילָה הָפַךְ לִהְיוֹת בְּֽ|בַת אַחַת חֵ֫לֶק מִ|שֶּׁ֫טַח צְבָאִי סָגוּר,ʔatˈaʁ hatvilˈa hafˈaχ lihjˈot bevˈat ʔaχˈat χˈelek miʃˈetaχ tsvaʔˈi saɡˈuʁ
gold_005_line_035,יש לא מעט מחקרים ועדויות של בעלי חנויות שמראים שיש סיכוי לא רע שתשימו בעגלה את הדבר הראשון שראיתם גם אם אפילו לא תכננתם לקנות אותו,יֵשׁ לֹא מְֽעַט מֶחְקָרִים וְֽ|עֵדוּיוֹת שֶׁל בַּעֲלֵי חֲנוּיוֹת שֶׁ|מַּרְאִים שֶׁ|יֵּשׁ סִיכּוּי לֹא רַע שֶׁ|תָּשִׂימוּ בָּ|עֲגָלָה אֶת הַ|דָּבָר הָ|רִאשׁוֹן שֶׁ|רְֽאִ֫יתֶם גַּם אִם אֲפִ֫ילּוּ לֹא תִּכְנַ֫נְתֶּם לִקְנוֹת אוֹתוּ,jˈeʃ lˈo meʔˈat meχkaʁˈim veʔedujˈot ʃˈel baʔalˈej χanujˈot ʃemaʁʔˈim ʃejˈeʃ sikˈuj lˈo ʁˈa ʃetasimˈu baʔaɡalˈa ʔˈet hadavˈaʁ haʁiʃˈon ʃeʁeʔˈitem ɡˈam ʔˈim ʔafˈilu lˈo tiχnˈantem liknˈot ʔotˈu
gold_007_line_108,ואז שרת התחבורה רגב החליטה שהיא עוצרת את התקציבים,וְֽ|אָז שָׂרַת הַ|תַּחְבּוּרָה רֶגֶב הֶחְלִ֫יטָה שֶׁ|הִיא עוֹצֶ֫רֶת אֶת הַ|תַּקְצִיבִים,veʔˈaz saʁˈat hataχbuʁˈa ʁeɡˈev heχlˈita ʃehˈi ʔotsˈeʁet ʔˈet hataktsivˈim
gold_016_line_076,זה פשוט משחית את התקשורת כי התמונה שהקוראות קוראים צופות צופים מקבלים,זֶה פָּשׁוּט מַשְׁחִית אֶת הַ|תִּקְשֹׁ֫ורֶת כִּי הַ|תְּמוּנָה שֶׁהַ|קּוֹרְאוֹת קוֹרְאִים צוֹפוֹת צוֹפִים מְֽקַבְּלִים,zˈe paʃˈut maʃχˈit ʔˈet hatikʃˈoʁet kˈi hatmunˈa ʃehakoʁʔˈot koʁʔˈim tsofˈot tsofˈim mekablˈim
gold_002_line_279,כלומר שאו שאנחנו הולכים לאינפלציה שהיא בסדר מבחינת היעד של בנק ישראל,כְּלוֹמַר שָׁאוֹ שֶׁ|אֲנַ֫חְנוּ הוֹלְכִים לְֽ|אִינְפְלַ֫צְיָה שֶׁ|הִיא בְּֽסֵ֫דֶר מִ|בְּחִינַת הַ|יַּ֫עַד שֶׁל בַּנְק יִשְׂרָאֵל,klomˈaʁ ʃaʔˈo ʃeʔanˈaχnu holχˈim leʔinflˈatsja ʃehˈi besˈedeʁ mibχinˈat hajˈaʔad ʃˈel bˈank jisʁaʔˈel
gold_007_line_155,האם אני מטיף לכל מי שאני רק יכול בעבודה שינסו את התחבורה הציבורית,הַאִם אֲנִי מַטִּיף לְֽ|כׇל מִי שֶׁ|אֲנִי רַק יָכוֹל בָּ|עֲבוֹדָה שֶׁ|יְּנַסּוּ אֶת הַ|תַּחְבּוּרָה הַ|צִּיבּוּרִית,haʔˈim ʔanˈi matˈif leχˈol mˈi ʃeʔanˈi ʁˈak jaχˈol baʔavodˈa ʃejnasˈu ʔˈet hataχbuʁˈa hatsibuʁˈit
gold_000_line_035,אבל חלק מזה זה גם מעבר לזה זאת אומרת הם יודעים שאם המתחרה שלהם,אֲבָל חֵ֫לֶק מִ|זֶּה זֶה גַּם מֵעֵ֫בֶר לָ|זֶה זֹאת אוֹמֶ֫רֶת הֵם יוֹדְעִים שֶׁ|אִם הַ|מִּתְחָרֶה שֶׁ|לָּהֶם,ʔavˈal χˈelek mizˈe zˈe ɡˈam meʔˈeveʁ lazˈe zˈot ʔomˈeʁet hˈem jodʔˈim ʃeʔˈim hamitχaʁˈe ʃelahˈem
gold_002_line_364,הוא כתב שם שאינפלציה שנובעת מתחממות יתר של הכלכלה היא אומנם בעיה שמתגמדת אל מול מגפה עולמית,הוּא כָּתַב שָׁם שֶׁ|אִינְפְלַ֫צְיָה שֶׁ|נּוֹבַ֫עַת מִתְחַמְּמוּת יֶ֫תֶר שֶׁל הַ|כַּלְכָּלָה הִיא אׇומְנָם בְּֽעָיָה שֶׁ|מִּתְגַּמֶּ֫דֶת אֶל מוּל מַגֵּפָה עוֹלָמִית,hˈu katˈav ʃˈam ʃeʔinflˈatsja ʃenovˈaʔat mitχammˈut jˈeteʁ ʃˈel hakalkalˈa hˈi ʔomnˈam beʔajˈa ʃemitɡamˈedet ʔˈel mˈul maɡefˈa ʔolamˈit
gold_015_line_071,כי הם מבינים שיש איזושהי רוח מפקד ושאם הם יכתבו אחרת הידיעה פשוט לא תעבור,כִּי הֵם מְֽבִינִים שֶׁ|יֵּשׁ אֵיזוֹשֶׁהִי ר֫וּחַ מְֽפַקֵּד וְֽשֶׁ|אִם הֵם יִכְתְּבוּ אַחֶרֶת הַ|יְּדִיעָה פָּשׁוּט לֹא תַּעֲבֹור,kˈi hˈem mevinˈim ʃejˈeʃ ʔejzoʃehˈi ʁˈuaχ mefakˈed veʃeʔˈim hˈem jiχtvˈu ʔaχeʁˈet hajdiʔˈa paʃˈut lˈo taʔavˈoʁ
gold_002_line_075,והשאלה הזו מטרידה לא רק אותו אלא את הנגידים של בנקים מרכזיים ברחבי העולם כולו והיא צריכה להטריד מאוד גם אותנו,וְֽהַ|שְּֽׁאֵלָה הַ|זּוֹ מַטְרִידָה לֹא רַק אוֹתוֹ אֶ֫לָּא אֶת הַ|נְּגִידִים שֶׁל בַּ֫נְקִים מֶרְכָּזִיִּים בְּֽ|רַחֲבֵי הָ|עוֹלָם כֻּולּוֹ וְֽ|הִיא צְרִיכָה לְֽהַטְרִיד מְֽאוֹד גַּם אוֹתָ֫נוּ,vehaʃeʔelˈa hazˈo matʁidˈa lˈo ʁˈak ʔotˈo ʔˈela ʔˈet hanɡidˈim ʃˈel bˈankim meʁkazijˈim beʁaχavˈej haʔolˈam kulˈo vehˈi tsʁiχˈa lehatʁˈid meʔˈod ɡˈam ʔotˈanu
gold_004_line_002,כי בכל זאת אנחנו פודקאסט ישראלי שקורה בישראל,כִּי בְּֽ|כׇל זֹאת אֲנַ֫חְנוּ פּוֹדְקַאסְט יִשְׂרְֽאֵלִי שֶׁ|קּוֹרֶה בְּֽ|יִשְׂרָאֵל,kˈi beχˈol zˈot ʔanˈaχnu podkˈast jisʁeʔelˈi ʃekoʁˈe bejisʁaʔˈel
gold_005_line_193,זו בדיוק העבודה של דריה מינובי ממרכז המידע לבריאות הציבור,זוֹ בְּֽדִיּוּק הָ|עֲבוֹדָה שֶׁל דֵּרִיָּה מִינ֫וֹבִי מִ|מֶּרְכַּז הַ|מֵּידָע לִ|בְרִיאוּת הַ|צִּיבּוּר,zˈo bedijˈuk haʔavodˈa ʃˈel deʁijˈa minˈovi mimeʁkˈaz hamedˈa livʁiʔˈut hatsibˈuʁ
gold_009_line_091,ושלכן הוא יגדיל את המוביליות החברתית של אותו נוער וגם את ההכנסה העתידית שלו כלומר שחינוך מקצועי מסייע לצימצום פערים,וְֽשֶׁ|לָּכֵן הוּא יַגְדִּיל אֶת הַ|מּוֹבִילִיּוּת הַ|חֶבְרָתִית שֶׁל אוֹתוֹ נֹ֫ועַר וְֽ|גַם אֶת הַ|הַכְנָסָה הָ|עֲתִידִית שֶׁ|לּוֹ כְּלוֹמַר שֶׁ|חִינּוּךְ מִקְצוֹעִי מְֽסַיֵּ֫יעַ לְֽ|צִימְצוּם פְּֽעָרִים,veʃelaχˈen hˈu jaɡdˈil ʔˈet hamovilijˈut haχevʁatˈit ʃˈel ʔotˈo nˈoʔaʁ veɡˈam ʔˈet hahaχnasˈa haʔatidˈit ʃelˈo klomˈaʁ ʃeχinˈuχ miktsoʔˈi mesajˈea letsimtsˈum peʔaʁˈim
gold_001_line_251,קצת לחץ בתיקשורת וחברות הביטוח הבינו שעדיף להן לא להיתעסק יותר מידי עם הדבר הזה,קְצָת לַ֫חַץ בַּ|תִּיקְשֹׁ֫ורֶת וְֽ|חֶבְרוֹת הַ|בִּיטּ֫וּחַ הֵבִ֫ינוּ שֶׁ|עָדִיף לָהֶן לֹא לְֽהִיתְעַסֵּק יוֹתֵר מִידַּי עִם הַ|דָּבָר הַ|זֶּה,ktsˈat lˈaχats batikʃˈoʁet veχevʁˈot habitˈuaχ hevˈinu ʃeʔadˈif lahˈen lˈo lehitʔasˈek jotˈeʁ midˈaj ʔˈim hadavˈaʁ hazˈe
gold_015_line_015,האם זה משהו פלילי המדינה טוענת שכן,הַאִם זֶה מַ֫שֶּׁהוּ פְּלִילִי הַ|מְּֽדִינָה טוֹעֶ֫נֶת שֶׁ|כֵּן,haʔˈim zˈe mˈaʃehu plilˈi hamedinˈa toʔˈenet ʃekˈen
gold_006_line_060,הבורסות בכל העולם התחילו ליקרוס באחוזים ניכרים,הַ|בּ֫וּרְסוֹת בְּֽ|כׇל הָ|עוֹלָם הִתְחִ֫ילוּ לִיקְרֹוס בַּ|אֲחוּזִים נִיכָּרִים,habˈuʁsot beχˈol haʔolˈam hitχˈilu likʁˈos baʔaχuzˈim nikaʁˈim
gold_010_line_063,זה הרבה יותר חשוב מאשר לשמור לבריאות אהמ זה הרבה יותר חשוב מאשר לשמור על הבריאות שלהם,זֶה הַרְבֵּה יוֹתֵר חָשׁוּב מֵאֲשֶׁר לִשְׁמֹור לִ|בְֽרִיאוּת אהמ זֶה הַרְבֵּה יוֹתֵר חָשׁוּב מֵאֲשֶׁר לִשְׁמֹור עַל הַ|בְּרִיאוּת שֶׁ|לָּהֶם,zˈe haʁbˈe jotˈeʁ χaʃˈuv meʔaʃˈeʁ liʃmˈoʁ liveʁiʔˈut ʔˈhm zˈe haʁbˈe jotˈeʁ χaʃˈuv meʔaʃˈeʁ liʃmˈoʁ ʔˈal habʁiʔˈut ʃelahˈem
gold_007_line_145,במהלך השבוע עצמו אני רוכב לעבודה באופניים הלוך חזור בסך הכול עשר דקות לכל כיוון,בְּֽ|מַהֲלַךְ הַ|שָּׁב֫וּעַ עַצְמוֹ אֲנִי רוֹכֵב לַ|עֲבוֹדָה בְּֽ|אוֹפַנַּיִים הֲלוֹךְ חָזור בְּֽ|סַךְ הַ|כֹּול עֶ֫שֶׂר דַּקּוֹת לְֽ|כׇל כִּיוּוּן,bemahalˈaχ haʃavˈua ʔatsmˈo ʔanˈi ʁoχˈev laʔavodˈa beʔofanajˈim halˈoχ χˈazʁ besˈaχ hakˈol ʔˈeseʁ dakˈot leχˈol kijvˈun
gold_001_line_186,הררים הררים של חולצות ומכנסיים ובגדים אחרים,הֲרָרִים הֲרָרִים שֶׁל חֻולְצוֹת וּ|מִכְנָסַיִים וּ|בְגָדִים אֲחֵרִים,haʁaʁˈim haʁaʁˈim ʃˈel χultsˈot umiχnasajˈim uvɡadˈim ʔaχeʁˈim
gold_000_line_155,אה נמצאים בבעיה אחרת כי יש לנו לחצים של פוליטיקאים כי הפוליטיקאים ברצותם הם יכולים לסגור את תאגיד השידור הציבורי,אָה נִמְצָאִים בִּ|בְֽעָיָה אַחֶרֶת כִּי יֵשׁ לָנוּ לְֽחָצִים שֶׁל פּוֹלִיטִיקָ֫אִים כִּי הַ|פּוֹלִיטִיקָ֫אִים בִּ|רְצוּתָם הֵם יְֽכוֹלִים לִסְגֹּור אֶת תַּאֲגִיד הַ|שִּׁידּוּר הַ|צִּיבּוּרִי,ʔˈa nimtsaʔˈim biveʔajˈa ʔaχeʁˈet kˈi jˈeʃ lanˈu leχatsˈim ʃˈel politikˈaʔim kˈi hapolitikˈaʔim biʁtsutˈam hˈem jeχolˈim lisɡˈoʁ ʔˈet taʔaɡˈid haʃidˈuʁ hatsibuʁˈi
gold_001_line_182,ובעזרת מתנדבים התחילו לפזר את התרומות האלה בין המחסנים,וּ|בְֽעֶזְרַת מִתְנַדְּבִים הִתְחִ֫ילוּ לְֽפַזֵּר אֶת הַ|תְּרוּמוֹת הָ|אֵ֫לֶּה בֵּין הַ|מַּחְסָנִים,uveʔezʁˈat mitnadvˈim hitχˈilu lefazˈeʁ ʔˈet hatʁumˈot haʔˈele bˈen hamaχsanˈim
gold_007_line_152,לעתים רחוקות אני מישתמש באוטו ובכל פעם שאני עושה את זה אני מיתחרט ומקלל,לְֽ|עִתִּים רְֽחוֹקוֹת אֲנִי מִישְׁתַּמֵּשׁ בָּ|א֫וֹטוֹ וּבְ|כׇל פַּ֫עַם שֶׁ|אֲנִי עוֹשֶׂה אֶת זֶה אֲנִי מִיתְחָרֵט וּ|מְקַלֵּל,leʔitˈim ʁeχokˈot ʔanˈi miʃtamˈeʃ baʔˈoto uvχˈol pˈaʔam ʃeʔanˈi ʔosˈe ʔˈet zˈe ʔanˈi mitχaʁˈet umkalˈel
gold_001_line_069,לפני שנתחיל ביקשתי ממנו שיציג את עצמו,לִפְנֵי שֶׁ|נַּתְחִיל בִּיקַּ֫שְׁתִּי מִמֶּ֫נּוּ שֶׁ|יַּצִּיג אֶת עַצְמוֹ,lifnˈej ʃenatχˈil bikˈaʃti mimˈenu ʃejatsˈiɡ ʔˈet ʔatsmˈo
gold_007_line_013,אז השנה נוספו לכבישים עוד רבע מיליון כאלה שזה קצב שיא,אָז הַשָּׁנָה נוֹסְפוּ לַ|כְּבִישִׁים עוֹד רֶ֫בַע מִילְיוֹן כָּ|אֵ֫לֶּה שֶׁ|זֶּה קֶ֫צֶב שִׂיא,ʔˈaz haʃanˈa nosfˈu lakviʃˈim ʔˈod ʁˈeva miljˈon kaʔˈele ʃezˈe kˈetsev sˈi
gold_021_line_003,כשנשארים לי מטבעות אחרי שהסתבבתי בשוק ביום שישי אני ישר נותן אותן לילדים שישימו בקופת החיסכון שלהם,כְּשֶׁ|נִּשְׁאָרִים לִי מַטְבְּעוֹת אַחֲרֵי שֶׁ|הִסְתַּבַּ֫בְתִּי בַּ|שּׁוּק בְּֽ|יוֹם שִׁישִּׁי אֲנִי יָשָׁר נוֹתֵן אוֹתָן לִ|יְּֽלָדִים שֶׁ|יָּשִׂימוּ בְּֽ|קֻופַּת הַ|חִיסָּכוֹן שֶׁ|לָּהֶם,kʃeniʃʔaʁˈim lˈi matbʔˈot ʔaχaʁˈej ʃehistabˈavti baʃˈuk bejˈom ʃiʃˈi ʔanˈi jaʃˈaʁ notˈen ʔotˈan lijeladˈim ʃejasimˈu bekupˈat haχisaχˈon ʃelahˈem
gold_005_line_072,גם הרגע שבו הסופרמרקט הגיע לישראל שיקף את המהפכה התרבותית שהמדינה הצעירה עמדה לעבור,גַּם הָ|רֶ֫גַע שֶׁ|בּוֹ הַ|סּוּפֶּרְמַרְקֶט הִגִּ֫יעַ לְֽ|יִשְׂרָאֵל שִׁיקֵּף אֶת הַ|מַּהְפֵּכָה הַ|תַּרְבּוּתִית שֶׁהַ|מְּֽדִינָה הַ|צְּֽעִירָה עָמְדָה לַעֲבֹור,ɡˈam haʁˈeɡa ʃebˈo hasupeʁmaʁkˈet hiɡˈia lejisʁaʔˈel ʃikˈef ʔˈet hamahpeχˈa hataʁbutˈit ʃehamedinˈa hatseʔiʁˈa ʔamdˈa laʔavˈoʁ
gold_000_line_145,המלאה לגבי מה שהולך בישראל ובעולם ואיך נראים החיים הסיכוי של זה הוא יותר גדול,הַ|מְּלֵאָה לְֽגַבֵּי מָה שֶׁ|הוֹלֵךְ בְּֽ|יִשְׂרָאֵל וּבָ|עוֹלָם וְֽ|אֵיךְ נִרְאִים הַ|חַיִּים הַ|סִּיכּוּי שֶׁל זֶה הוּא יוֹתֵר גָּדוֹל,hamleʔˈa leɡabˈej mˈa ʃeholˈeχ bejisʁaʔˈel uvaʔolˈam veʔˈejχ niʁʔˈim haχajˈim hasikˈuj ʃˈel zˈe hˈu jotˈeʁ ɡadˈol
gold_000_line_089,נכון הם לא מודעים לזה בכלל ואגב,נָכוֹן הֵם לֹא מוּדָעִים לָ|זֶה בִּכְלָל וְֽ|אַגַּב,naχˈon hˈem lˈo mudaʔˈim lazˈe biχlˈal veʔaɡˈav
gold_002_line_103,אז זה קורה מכל מיני סיבות שקשורות להיתאוששות הכלכלית ובפרט לצורה המאוד ספציפית של ההיתאוששות הכלכלית מהשנה הקודמת,אָז זֶה קוֹרֶה מִ|כׇּל מִינֵי סִיבּוֹת שֶׁ|קְּשׁוּרוֹת לַ|הִיתְאוֹשְׁשׁוּת הַ|כַּלְכָּלִית וּ|בִפְרָט לַ|צּוּרָה הַ|מְּאוֹד סְפֵּצִ֫יפִית שֶׁל הַ|הִיתְאוֹשְׁשׁוּת הַ|כַּלְכָּלִית מֵהַ|שָּׁנָה הַ|קּוֹדֶ֫מֶת,ʔˈaz zˈe koʁˈe mikˈol minˈej sibˈot ʃekʃuʁˈot lahitʔoʃʃˈut hakalkalˈit uvifʁˈat latsuʁˈa hamʔˈod spetsˈifit ʃˈel hahitʔoʃʃˈut hakalkalˈit mehaʃanˈa hakodˈemet
gold_002_line_371,אם יש לכם שאלות או מחשבות בעקבות הפרק הזה,אִם יֵשׁ לָכֶם שְֽׁאֵלוֹת אוֹ מַחֲשָׁבוֹת בְּֽעִקְבוֹת הַ|פֶּ֫רֶק הַ|זֶּה,ʔˈim jˈeʃ laχˈem ʃeʔelˈot ʔˈo maχaʃavˈot beʔikvˈot hapˈeʁek hazˈe
gold_010_line_095,האמת שהרבה פעמים נראה לי שלארגונים לא כל כך אכפת שהעובדים נשחקים,הָ|אֱמֶת שֶׁ|הַרְבֵּה פְּֽעָמִים נִרְאֶה לִי שֶׁלְּ|אִרְגּוּנִים לֹא כׇּל כָּךְ אִכְפַּת שֶׁהָ|עוֹבְדִים נִשְׁחָקִים,haʔemˈet ʃehaʁbˈe peʔamˈim niʁʔˈe lˈi ʃelʔiʁɡunˈim lˈo kˈol kˈaχ ʔiχpˈat ʃehaʔovdˈim niʃχakˈim
gold_008_line_036,היום כבר כמעט שאין בישראל בית ספר כמו זה ששימעון נשלח אליו בשנות השמונים ללמוד נגרות,הַיּוֹם כְּבָר כִּמְעַט שֶׁ|אֵין בְּֽ|יִשְׂרָאֵל בֵּית סֵ֫פֶר כְּמוֹ זֶה שֶׁ|שִּׁימְעוֹן נִשְׁלַח אֵלָיו בִּ|שְׁנוֹת הַ|שְּׁמוֹנִים לִלְמֹוד נַגְרוּת,hajˈom kvˈaʁ kimʔˈat ʃeʔˈejn bejisʁaʔˈel bˈet sˈefeʁ kmˈo zˈe ʃeʃimʔˈon niʃlˈaχ ʔelˈav biʃnˈot haʃmonˈim lilmˈod naɡʁˈut
gold_000_line_148,ולכן אם נצרוך כמה שיותר נצליח לקבל תמונה כמה שיותר טובה,וְֽ|לָכֵן אִם נִצְרֹוךְ כַּ֫מָּה שֶׁ|יּוֹתֵר נַצְלִ֫יחַ לְֽקַבֵּל תְּמוּנָה כַּ֫מָּה שֶׁ|יּוֹתֵר טוֹבָה,velaχˈen ʔˈim nitsʁˈoχ kˈama ʃejotˈeʁ natslˈiaχ lekabˈel tmunˈa kˈama ʃejotˈeʁ tovˈa
gold_020_line_038,אני לא חושב שאנחנו צריכים לחשוש למקום העבודה שלנו אני כן חושב שהטכנולוגיה הזו כמו כל טכנולוגיה מוצלחת בסופו של דבר תשנה את שוק העבודה ותטלטל ענפים שלמים,אֲנִי לֹא חוֹשֵׁב שֶׁ|אֲנַ֫חְנוּ צְרִיכִים לַחֲשֹׁושׁ לִ|מְקוֹם הָ|עֲבוֹדָה שֶׁלָּ֫נוּ אֲנִי כֵּן חוֹשֵׁב שֶׁהַ|טֶּכְנוֹל֫וֹגְיָה הַ|זּוֹ כְּמוֹ כׇּל טֶכְנוֹל֫וֹגְיָה מֻוצְלַ֫חַת בְּֽ|סוֹפוֹ שֶׁל דָּבָר תְּֽשַׁנֶּה אֶת שׁוּק הָ|עֲבוֹדָה וּ|תְטַלְטֵל עֲנָפִים שְׁלֵמִים,ʔanˈi lˈo χoʃˈev ʃeʔanˈaχnu tsʁiχˈim laχaʃˈoʃ limkˈom haʔavodˈa ʃelˈanu ʔanˈi kˈen χoʃˈev ʃehateχnolˈoɡja hazˈo kmˈo kˈol teχnolˈoɡja mutslˈaχat besofˈo ʃˈel davˈaʁ teʃanˈe ʔˈet ʃˈuk haʔavodˈa uttaltˈel ʔanafˈim ʃlemˈim
gold_000_line_037,על שיתוף פעולה עם איזשהו עיתון או טלוויזיה כי ראינו את הכנסים האלה קורים גם בטלוויזיות,עַל שִׁיתּוּף פְּֽעֻולָּה עִם אֵיזֶשֶׁהוּ עִיתּוֹן אוֹ טֵלֵוִ֫ויזְיָה כִּי רָאִ֫ינוּ אֶת הַ|כְּנָסִים הָ|אֵ֫לֶּה קוֹרִים גַּם בַּ|טֵּלֵוִ֫ויזְיוֹת,ʔˈal ʃitˈuf peʔulˈa ʔˈim ʔejzeʃehˈu ʔitˈon ʔˈo televˈizja kˈi ʁaʔˈinu ʔˈet haknasˈim haʔˈele koʁˈim ɡˈam batelevˈizjot
gold_020_line_006,אבל לא היא עדיין בוסרית זה בחלק הקל אה בחלק היותר מתקדם מאחר שכבר היום כבר בשלב הזה הטכנולוגיה הזאת של הבינה המלאכותית בתחום עיבוד השפה,אֲבָל לֹא הִיא עֲדַ֫יִין בּוֹסְרִית זֶה בַּ|חֵ֫לֶק הַ|קַּל אָה בַּ|חֵ֫לֶק הַ|יּוֹתֵר מִתְקַדֵּם מֵאַחַר שֶׁ|כְּבָר הַיּוֹם כְּבָר בַּ|שָּׁלָב הַ|זֶּה הַ|טֶּכְנוֹל֫וֹגְיָה הַ|זֹּאת שֶׁל הַ|בִּינָה הַ|מְּלָאכוּתִית בִּ|תְֽחוּם עִיבּוּד הַ|שָּׂפָה,ʔavˈal lˈo hˈi ʔadˈajin bosʁˈit zˈe baχˈelek hakˈal ʔˈa baχˈelek hajotˈeʁ mitkadˈem meʔaχˈaʁ ʃekvˈaʁ hajˈom kvˈaʁ baʃalˈav hazˈe hateχnolˈoɡja hazˈot ʃˈel habinˈa hamlaχutˈit biteχˈum ʔibˈud hasafˈa
gold_001_line_223,ואת זה שאחת הדרכים שלו להתחרות הייתה להציע חצי שנה של תשלומי שכר דירה מראש,וְֽ|אֶת זֶה שֶׁ|אַחַת הַ|דְּרָכִים שֶׁ|לּוֹ לְֽהִתְחָרוֹת הָיְיתָה לְֽהַצִּ֫יעַ חֲצִי שָׁנָה שֶׁל תַּשְׁלוּמֵי שְׂכַר דִּירָה מֵרֹאשׁ,veʔˈet zˈe ʃeʔaχˈat hadʁaχˈim ʃelˈo lehitχaʁˈot hajtˈa lehatsˈia χatsˈi ʃanˈa ʃˈel taʃlumˈej sχˈaʁ diʁˈa meʁˈoʃ
gold_014_line_008,אחרי שהפרק ההוא שודר הוצפתי בתגובות שלכם באמת המון המון תגובות המון אנשים אמרו שהם רוצים עוד מזה,אַחֲרֵי שֶׁהַ|פֶּ֫רֶק הַ|הוּא שֻׁודַּר הוֹצַ֫פְתִּי בַּ|תְּגוּבוֹת שֶׁ|לָּכֶם בֶּאֱמֶת הֲמוֹן הֲמוֹן תְּגוּבוֹת הֲמוֹן אֲנָשִׁים אָמְרוּ שֶׁ|הֵם רוֹצִים עוֹד מִ|זֶּה,ʔaχaʁˈej ʃehapˈeʁek hahˈu ʃudˈaʁ hotsˈafti batɡuvˈot ʃelaχˈem beʔemˈet hamˈon hamˈon tɡuvˈot hamˈon ʔanaʃˈim ʔamʁˈu ʃehˈem ʁotsˈim ʔˈod mizˈe
gold_001_line_362,כלל ומיגדל עדיין עשו בעיות גם חברת איילון,כְּלָל וּ|מִיגְדָּל עֲדַ֫יִין עָשׂוּ בְּֽעָיוֹת גַּם חֶבְרַת אַיָּילוֹן,klˈal umiɡdˈal ʔadˈajin ʔasˈu beʔajˈot ɡˈam χevʁˈat ʔajalˈon
gold_012_line_133,אושר עילאי שאין שני לו כאלה מין דברים,אֹ֫ושֶׁר עִילָּאִי שֶׁ|אֵין שֵׁנִי לוֹ כָּ|אֵ֫לֶּה מִין דְּבָרִים,ʔˈoʃeʁ ʔilaʔˈi ʃeʔˈejn ʃenˈi lˈo kaʔˈele mˈin dvaʁˈim
gold_017_line_144,ניסינו ששני הרעיונות יכללו קטעים אחרים לגמרי,נִיסִּ֫ינוּ שֶׁ|שְּׁנֵי הָ|רַעְיוֹנוֹת יִכְלְלוּ קְטָעִים אֲחֵרִים לְֽגַמְרֵי,nisˈinu ʃeʃnˈej haʁaʔjonˈot jiχllˈu ktaʔˈim ʔaχeʁˈim leɡamʁˈej
gold_020_line_046,אם אתה עכשיו תחשוב שאתה אה עורך דין או עורכת דין שעובדים על איזשהו קייס אה נורא סבוך ואתה מחפש אה תקדימים או מחפש אה כל מיני תובנות מפסיקות קודמות או משהו כזה,אִם אַתָּה עַכְשָׁיו תַּחֲשֹׁוב שֶׁ|אַתָּה אָה עוֹרֵךְ דִּין אוֹ עוֹרֶ֫כֶת דִּין שֶׁ|עוֹבְדִים עַל אֵיזֶשֶׁהוּ קֵיְיס אָה נוֹרָא סָבוּךְ וְֽ|אַתָּה מְֽחַפֵּשׂ אָה תַּקְדִּימִים אוֹ מְֽחַפֵּשׂ אָה כׇּל מִינֵי תּוֹבָנוֹת מִ|פְּסִיקוֹת קוֹדְמוֹת אוֹ מַ֫שֶּׁהוּ כָּ|זֶה,ʔˈim ʔatˈa ʔaχʃˈav taχaʃˈov ʃeʔatˈa ʔˈa ʔoʁˈeχ dˈin ʔˈo ʔoʁˈeχet dˈin ʃeʔovdˈim ʔˈal ʔejzeʃehˈu kˈejs ʔˈa noʁˈa savˈuχ veʔatˈa meχapˈes ʔˈa takdimˈim ʔˈo meχapˈes ʔˈa kˈol minˈej tovanˈot mipsikˈot kodmˈot ʔˈo mˈaʃehu kazˈe
gold_009_line_103,שירה קדרי כתבת החינוך של הארץ המון תודה שיזמת את הפרק הזה ושעשית אותו איתנו תמיד כיף לארח אותך אצלנו,שִׁירָה קַדְרִי כַּתֶּ֫בְת הַ|חִינּוּךְ שֶׁל הָ|אָ֫רֶץ הֲמוֹן תּוֹדָה שֶׁ|יָּזַ֫מְתָּ אֶת הַ|פֶּ֫רֶק הַ|זֶּה וְֽשֶׁ|עָשִׂ֫יתָ אוֹתוֹ אִיתָּ֫נוּ תָּמִיד כֵּיף לְֽאָרֵ֫חַ אוֹתְךָ אֶצְלֵ֫נוּ,ʃiʁˈa kadʁˈi katˈevt haχinˈuχ ʃˈel haʔˈaʁets hamˈon todˈa ʃejazˈamta ʔˈet hapˈeʁek hazˈe veʃeʔasˈita ʔotˈo ʔitˈanu tamˈid kˈef leʔaʁˈeaχ ʔotχˈa ʔetslˈenu
gold_011_line_095,בשנים האחרונות כשמדברים על כלכלה ועל המגזר העסקי,בַּ|שָּׁנִים הָ|אַחֲרוֹנוֹת כְּשֶׁ|מְּֽדַבְּרִים עַל כַּלְכָּלָה וְֽ|עַל הַ|מִּגְזָר הָ|עִסְקִי,baʃanˈim haʔaχaʁonˈot kʃemedabʁˈim ʔˈal kalkalˈa veʔˈal hamiɡzˈaʁ haʔiskˈi
gold_008_line_091,הנה אני אגיד שוב את השני משפטים האחרונים,הִ֫נֵּה אֲנִי אַגִּיד שׁוּב אֶת הַ|שֵּׁנֵי מִשְׁפָּטִים הָ|אַחֲרוֹנִים,hˈine ʔanˈi ʔaɡˈid ʃˈuv ʔˈet haʃenˈej miʃpatˈim haʔaχaʁonˈim
gold_005_line_133,זה אומר את זה כי הם בוחרים לדחוף לנו בעיקר מזון לא בריא,זֶה אוֹמֵר אֶת זֶה כִּי הֵם בּוֹחֲרִים לִדְחֹוף לָנוּ בְּֽעִיקָּר מָזוֹן לֹא בָּרִיא,zˈe ʔomˈeʁ ʔˈet zˈe kˈi hˈem boχaʁˈim lidχˈof lanˈu beʔikˈaʁ mazˈon lˈo baʁˈi
gold_021_line_079,לפי הערכת ארגון מידות שהוא חברה לתועלת הציבור שמנסה לקדם פילנטרופיה אפקטיבית,לְֽפִי הַעֲרָכַת אִרְגּוּן מִידּוֹת שֶׁ|הוּא חֶבְרָה לְֽ|תוֹעֶ֫לֶת הַ|צִּיבּוּר שֶׁ|מְּנַסֶּה לְֽקַדֵּם פִילַנְטְר֫וֹפְּיָה אֵפֶקְטִ֫יבִית,lefˈi haʔaʁaχˈat ʔiʁɡˈun midˈot ʃehˈu χevʁˈa letoʔˈelet hatsibˈuʁ ʃemnasˈe lekadˈem filantʁˈopja ʔefektˈivit
gold_001_line_120,והנה אנחנו מגיעים לאחד החלקים המסובכים בסיפור הזה,וְֽ|הִ֫נֵּה אֲנַ֫חְנוּ מַגִּ֫יעִים לְֽ|אַחַד הַ|חֲלָקִים הַ|מְּסֻובָּכִים בַּ|סִּיפּוּר הַ|זֶּה,vehˈine ʔanˈaχnu maɡˈiʔim leʔaχˈad haχalakˈim hamsubaχˈim basipˈuʁ hazˈe
gold_002_line_316,במדינות אחרות זה טיפה רגוע יותר ועדיין גבוה,בִּ|מְֽדִינוֹת אֲחֵרוֹת זֶה טִיפָּה רָג֫וּעַ יוֹתֵר וַ|עֲדַ֫יִין גָּב֫וֹהַּ,bimedinˈot ʔaχeʁˈot zˈe tipˈa ʁaɡˈua jotˈeʁ vaʔadˈajin ɡavˈoa
gold_011_line_083,אין לי מושג אם זה בכלל אפשרי משפטית,אֵין לִי מֻושָּׂג אִם זֶה בִּכְלָל אֶפְשָׁרִי מִשְׁפָּטִית,ʔˈejn lˈi musˈaɡ ʔˈim zˈe biχlˈal ʔefʃaʁˈi miʃpatˈit
gold_003_line_011,נפגשתי עם קורמן בבוקר ירושלמי קריר באמצע השבוע שעבר,נִפְגַּ֫שְׁתִּי עִם קוֹרְמָן בְּֽ|בֹ֫וקֶר יְֽרוּשַׁ֫לְמִי קָרִיר בְּֽ|אֶמְצַע הַ|שָּׁב֫וּעַ שֶׁ|עָבַר,nifɡˈaʃti ʔˈim koʁmˈan bevˈokeʁ jeʁuʃˈalmi kaʁˈiʁ beʔemtsˈa haʃavˈua ʃeʔavˈaʁ
gold_017_line_041,אם תשנו את ההנחות של המודל תשנו גם את התוצאות,אִם תִּֽשַׁנּוּ אֶת הַ|הֲנָחוֹת שֶׁל הַ|מּ֫וֹדֵל תְּשַׁנּוּ גַּם אֶת הַ|תּוֹצָאוֹת,ʔˈim tieʃanˈu ʔˈet hahanaχˈot ʃˈel hamˈodel tʃanˈu ɡˈam ʔˈet hatotsaʔˈot
gold_005_line_151,זו הדרך שלהם למשוך אליהם קהל של הורים צעירים למשל שיבואו לקנות את החיתולים אולי במחיר הפסד אבל כבר יעשו את כל הקניות שלהם על הדרך ויקנו גם את המוצרים הרווחיים יותר לסופר,זוֹ הַ|דֶּ֫רֶךְ שֶׁ|לָּהֶם לִמְשֹׁוךְ אֲלֵיהֶם קָהָל שֶׁל הוֹרִים צְֽעִירִים לְֽמָשָׁל שֶׁ|יָּבוֹאוּ לִקְנוֹת אֶת הַ|חִיתּוּלִים אוּלַי בִּ|מְחִיר הֶפְסֵד אֲבָל כְּבָר יַעֲשׂוּ אֶת כׇּל הַ|קְּנִיּוֹת שֶׁ|לָּהֶם עַל הַ|דֶּ֫רֶךְ וְֽ|יַקְנוּ גַּם אֶת הַ|מּוּצָרִים הָ|רִוְוחִיִּים יוֹתֵר לְ|ס֫וּפֶּר,zˈo hadˈeʁeχ ʃelahˈem limʃˈoχ ʔalehˈem kahˈal ʃˈel hoʁˈim tseʔiʁˈim lemaʃˈal ʃejavoʔˈu liknˈot ʔˈet haχitulˈim ʔulˈaj bimχˈiʁ hefsˈed ʔavˈal kvˈaʁ jaʔasˈu ʔˈet kˈol haknijˈot ʃelahˈem ʔˈal hadˈeʁeχ vejaknˈu ɡˈam ʔˈet hamutsaʁˈim haʁivχijˈim jotˈeʁ lsˈupeʁ
gold_002_line_311,בשביל לסבר לכם את האוזן מדינות רבות סובלות עכשיו מאינפלציה,בִּשְׁבִיל לְֽסַבֵּר לָכֶם אֶת הָ|אֹ֫וזֶן מְֽדִינוֹת רַבּוֹת סוֹבְלוֹת עַכְשָׁיו מֵ|אִינְפְלַ֫צְיָה,biʃvˈil lesabˈeʁ laχˈem ʔˈet haʔˈozen medinˈot ʁabˈot sovlˈot ʔaχʃˈav meʔinflˈatsja
gold_002_line_271,ועצם ההחלטה שלו עצמו עלולה להזין את הציפיות לאינפלציה עוד יותר,וְֽ|עֶ֫צֶם הַ|הַחְלָטָה שֶׁ|לּוֹ עַצְמוֹ עֲלוּלָה לְֽהָזִין אֶת הַ|צִּיפִּיּוֹת לָ|אִינְפְלַ֫צְיָה עוֹד יוֹתֵר,veʔˈetsem hahaχlatˈa ʃelˈo ʔatsmˈo ʔalulˈa lehazˈin ʔˈet hatsipijˈot laʔinflˈatsja ʔˈod jotˈeʁ
gold_005_line_081,האוכל לא הגיע אז באריזות אישיות לשימוש ביתי,הָ|אֹ֫וכֶל לֹא הִגִּ֫יעַ אָז בַּ|אֲרִיזוֹת אִישִׁיּוֹת לְֽ|שִׁימּוּשׁ בֵּיתִי,haʔˈoχel lˈo hiɡˈia ʔˈaz baʔaʁizˈot ʔiʃijˈot leʃimˈuʃ betˈi
gold_010_line_045,אתה לשוב אהמ אתה אמור לחשוב שהעבודה מגניבה שהיא משנה את העולם להרגיש שהיא חלק מהזהות שלך,אַתָּה לָשׁוּב אהמ אַתָּה אָמוּר לַחֲשֹׁוב שֶׁהָ|עֲבוֹדָה מַגְנִיבָה שֶׁ|הִיא מְֽשַׁנָּה אֶת הָ|עוֹלָם לְֽהַרְגִּישׁ שֶׁ|הִיא חֵ֫לֶק מֵהַ|זֶּהוּת שֶׁ|לְּךָ,ʔatˈa laʃˈuv ʔˈhm ʔatˈa ʔamˈuʁ laχaʃˈov ʃehaʔavodˈa maɡnivˈa ʃehˈi meʃanˈa ʔˈet haʔolˈam lehaʁɡˈiʃ ʃehˈi χˈelek mehazehˈut ʃelχˈa
gold_001_line_100,אדם שלח לי סרטון של הדירה הזאת,אָדָם שָׁלַח לִי סִרְטוֹן שֶׁל הַ|דִּירָה הַ|זֹּאת,ʔadˈam ʃalˈaχ lˈi siʁtˈon ʃˈel hadiʁˈa hazˈot
gold_007_line_094,זה לא הכיוון הנכון ללכת בו אבל זה מה שהממשלות עושות,זֶה לֹא הַ|כִּיוּוּן הַ|נָּכוֹן לָלֶ֫כֶת בּוֹ אֲבָל זֶה מָה שֶׁהַ|מֶּמְשָׁלוֹת עוֹשׂוֹת,zˈe lˈo hakijvˈun hanaχˈon lalˈeχet bˈo ʔavˈal zˈe mˈa ʃehamemʃalˈot ʔosˈot
gold_001_line_443,עמוק בתוך הידיעה נכתב שבמקום ארבעת הבניינים,עָמֹוק בְּֽתוֹךְ הַ|יְּֽדִיעָה נִכְתַּב שֶׁבִּ|מְקוֹם אַרְבַּעַת הַ|בִּנְיָינִים,ʔamˈok betˈoχ hajediʔˈa niχtˈav ʃebimkˈom ʔaʁbaʔˈat habinjanˈim
gold_008_line_068,ולכן הוא הציע לממשלה לדון בירצינות בהקמה לתחייה של מערך החינוך המקצועי וההצעה הזאת לא עברה כל כך טוב,וְֽ|לָכֵן הוּא הִצִּ֫יעַ לַ|מֶּמְשָׁלָה לָדוּן בִּירְצִינוּת בַּ|הֲקָמָה לִ|תְחִיָּיה שֶׁל מַעֲרַךְ הַ|חִינּוּךְ הַ|מִּקְצוֹעִי וְֽהַ|הַצָּעָה הַ|זֹּאת לֹא עָבְרָה כׇּל כָּךְ טוֹב,velaχˈen hˈu hitsˈia lamemʃalˈa ladˈun biʁtsinˈut bahakamˈa litχijˈa ʃˈel maʔaʁˈaχ haχinˈuχ hamiktsoʔˈi vehahatsaʔˈa hazˈot lˈo ʔavʁˈa kˈol kˈaχ tˈov
gold_010_line_102,ככה שתוכל להתעדכן כי אתה בטח נורא סקרן לדעת מה הולך בזמן שאתה לא נמצא ואתה בחופש איפשהו על הים או משהו,כָּ֫כָה שֶׁ|תּוּכַל לְֽהִתְעַדְכֵּן כִּי אַתָּה בֶּ֫טַח נוֹרָא סַקְרֵן לָדַ֫עַת מָה הוֹלֵךְ בִּ|זְמַן שֶׁ|אַתָּה לֹא נִמְצָא וְֽ|אַתָּה בְּֽ|חֹ֫ופֶשׁ אֵיפֹשֶׁהוּ עַל הַ|יָּם אוֹ מַ֫שֶּׁהו,kˈaχa ʃetuχˈal lehitʔadkˈen kˈi ʔatˈa bˈetaχ noʁˈa sakʁˈen ladˈaʔat mˈa holˈeχ bizmˈan ʃeʔatˈa lˈo nimtsˈa veʔatˈa beχˈofeʃ ʔejfoʃehˈu ʔˈal hajˈam ʔˈo mˈaʃehv
gold_005_line_033,המוצרים הראשונים שראינו ושאתם רואים בסופר לא נמצאים שם במקרה,הַ|מּוּצָרִים הָ|רִאשׁוֹנִים שֶׁ|רָאִ֫ינוּ וְֽשֶׁ|אַתֶּם רוֹאִים בַּֽ|סּ֫וּפֶּר לֹא נִמְצָאִים שָׁם בְּֽ|מִקְרֶה,hamutsaʁˈim haʁiʃonˈim ʃeʁaʔˈinu veʃeʔatˈem ʁoʔˈim baesˈupeʁ lˈo nimtsaʔˈim ʃˈam bemikʁˈe
gold_009_line_022,אם תעברו אותו תוכלו ללכת לתיכון עיוני כלומר ללמוד מתמטיקה ואנגלית ועוד מקצועות לבגרות,אִם תַּעַבְרוּ אוֹתוֹ תּוּכְלוּ לָלֶ֫כֶת לְֽ|תִיכוֹן עִיּוּנִי כְּלוֹמַר לִלְמֹוד מָתֵמָ֫טִיקָה וְֽ|אַנְגְּלִית וְֽ|עוֹד מִקְצוֹעוֹת לְֽ|בַגְרוּת,ʔˈim taʔavʁˈu ʔotˈo tuχlˈu lalˈeχet letiχˈon ʔijunˈi klomˈaʁ lilmˈod matemˈatika veʔanɡlˈit veʔˈod miktsoʔˈot levaɡʁˈut
gold_003_line_008,בזמן שהיה כאן הוא ניפגש עם ראש הממשלה,בִּ|זְמַן שֶׁ|הָיָה כָּאן הוּא נִיפָּגֵשׁ עִם רֹאשׁ הַ|מֶּמְשָׁלָה,bizmˈan ʃehajˈa kˈan hˈu nipaɡˈeʃ ʔˈim ʁˈoʃ hamemʃalˈa
gold_001_line_290,כלומר אוקיי אחד הבניינים קרס סביר מאוד להניח שהם כבר לא יחזרו לגור בבניינים שעדיין נותרו לעמוד ושמתישהו יהרסו גם אותם,כְּלוֹמַר אוֹקֵיי אַחַד הַ|בִּנְיָינִים קָרַס סָבִיר מְֽאוֹד לְֽהַנִּ֫יחַ שֶׁ|הֵם כְּבָר לֹא יַחְזְֽרוּ לָגוּר בַּֽ|בִּנְיָינִים שֶׁ|עֲדַ֫יִין נוֹתְרוּ לַעֲמֹוד וְֽשֶׁ|מִּתַיְשֶׁהוּ יַהַרְסוּ גַּם אוֹתָם,klomˈaʁ ʔokˈej ʔaχˈad habinjanˈim kaʁˈas savˈiʁ meʔˈod lehanˈiaχ ʃehˈem kvˈaʁ lˈo jaχzeʁˈu laɡˈuʁ baebinjanˈim ʃeʔadˈajin notʁˈu laʔamˈod veʃemitajʃehˈu jahaʁsˈu ɡˈam ʔotˈam
gold_005_line_197,אבל אפילו בלי הממשלה ובלי המדינה יש עוד משהו שיכול לגרום לבעלי הסופרים להתחיל לשנות את מה שהם מוכרים ואת מה שהם מציגים בשביל שניקנה לא,אֲבָל אֲפִ֫ילּוּ בְּלִי הַ|מֶּמְשָׁלָה וּ|בְלִי הַ|מְּֽדִינָה יֵשׁ עוֹד מַ֫שֶּׁהוּ שֶׁ|יָּכוֹל לִגְרֹום לְֽ|בַעֲלֵי הַ|סּוֹפְרִים לְֽהַתְחִיל לְֽשַׁנּוֹת אֶת מָה שֶׁ|הֵם מוֹכְרִים וְֽ|אֶת מָה שֶׁ|הֵם מַצִּיגִים בִּשְׁבִיל שֶׁ|נִּיקְנֶה לֹא,ʔavˈal ʔafˈilu blˈi hamemʃalˈa ˈuvli hamedinˈa jˈeʃ ʔˈod mˈaʃehu ʃejaχˈol liɡʁˈom levaʔalˈej hasofʁˈim lehatχˈil leʃanˈot ʔˈet mˈa ʃehˈem moχʁˈim veʔˈet mˈa ʃehˈem matsiɡˈim biʃvˈil ʃeniknˈe lˈo
gold_015_line_068,לרמה הזאת שהעיתונאים התחילו להפעיל על עצמם צנזורה עצמית פעם שמעתי את אילנה דיין מדברת על זה והיא,לָ|רָמָה הַ|זֹּאת שֶׁהָ|עִיתּוֹנָאִים הִתְחִ֫ילוּ לְֽהַפְעִיל עַל עַצְמָם צֶנְז֫וּרָה עַצְמִית פַּ֫עַם שָׁמַ֫עְתִּי אֶת אִילָנָה דַּיָּין מְֽדַבֶּ֫רֶת עַל זֶה וְֽ|הִיא,laʁamˈa hazˈot ʃehaʔitonaʔˈim hitχˈilu lehafʔˈil ʔˈal ʔatsmˈam tsenzˈuʁa ʔatsmˈit pˈaʔam ʃamˈaʔti ʔˈet ʔilanˈa dajˈan medabˈeʁet ʔˈal zˈe vehˈi
gold_017_line_099,אהמ כמו למשל במיספר מכונות ההנשמה שהוזמנו הרבה הרבה הרבה מעבר ליעד שנקבע ובעלות של מיליארדים,אהמ כְּמוֹ לְֽמָשָׁל בְּֽ|מִיסְפַּר מְֽכוֹנוֹת הַ|הַנְשָׁמָה שֶׁ|הֻוזְמְנוּ הַרְבֵּה הַרְבֵּה הַרְבֵּה מֵעֵ֫בֶר לַ|יַּ֫עַד שֶׁ|נִּקְבַּע וּ|בַעֲלוּת שֶׁל מִילְיַארְדִּים,ʔˈhm kmˈo lemaʃˈal bemispˈaʁ meχonˈot hahanʃamˈa ʃehuzmnˈu haʁbˈe haʁbˈe haʁbˈe meʔˈeveʁ lajˈaʔad ʃenikbˈa uvaʔalˈut ʃˈel miljaʁdˈim
gold_001_line_243,זה לקח לא מעט אייטמים בתיקשורת גם אצלנו,זֶה לָקַח לֹא מְֽעַט אַיְיטֵ֫מִים בַּ|תִּיקְשֹׁ֫ורֶת גַּם אֶצְלֵ֫נוּ,zˈe lakˈaχ lˈo meʔˈat ʔajtˈemim batikʃˈoʁet ɡˈam ʔetslˈenu
gold_021_line_078,המיגזר השלישי בישראל מגלגל מיליארדי שקלים בשנה,הַ|מִּיגְזָר הַ|שְּׁלִישִׁי בְּֽ|יִשְׂרָאֵל מְֽגַלְגֵּל מִילְיַארְדֵּי שְׁקָלִים בְּֽ|שָׁנָה,hamiɡzˈaʁ haʃliʃˈi bejisʁaʔˈel meɡalɡˈel miljaʁdˈej ʃkalˈim beʃanˈa
gold_001_line_052,ליד אחת החנויות הסמוכות היו המון דברים על הריצפה בשקיות בלי שקיות מה שאתם רוצים,לְֽיַד אַחַת הַ|חֲנוּיוֹת הַ|סְּמוּכוֹת הָיוּ הֲמוֹן דְּבָרִים עַל הָ|רִיצְפָּה בְּֽ|שַׂקִּיּוֹת בְּֽלִי שַׂקִּיּוֹת מָה שֶׁ|אַתֶּם רוֹצִים,lejˈad ʔaχˈat haχanujˈot hasmuχˈot hajˈu hamˈon dvaʁˈim ʔˈal haʁitspˈa besakijˈot belˈi sakijˈot mˈa ʃeʔatˈem ʁotsˈim
gold_012_line_136,ואפילו איזה דג שמישהו סיפר שישו פעם אכל,וַ|אֲפִ֫ילּוּ אֵ֫יזֶה דָּג שֶׁ|מִּ֫ישֶׁהוּ סִיפֵּר שֶׁ|יֵּשּׁוּ פַּ֫עַם אָכַל,vaʔafˈilu ʔˈejze dˈaɡ ʃemˈiʃehu sipˈeʁ ʃejeʃˈu pˈaʔam ʔaχˈal
gold_020_line_056,היא תגביר במקום לצמצם אני אתחיל שנייה מהחלק של אה זכויות היוצרים,הִיא תַּגְבִּיר בִּמְקוֹם לְֽצַמְצֵם אֲנִי אַתְחִיל שְׁנִיָּיה מֵהַ|חֵ֫לֶק שֶׁל אָה זְכוּיוֹת הַ|יּוֹצְרִים,hˈi taɡbˈiʁ bimkˈom letsamtsˈem ʔanˈi ʔatχˈil ʃnijˈa mehaχˈelek ʃˈel ʔˈa zχujˈot hajotsʁˈim
gold_007_line_087,או ליתר דיוק היא לא רואה משבר דיור אלא היא רואה מאות אלפי זוגות צעירים שעוד שנייה עלולים לצעוק עליה שוב שמחירי הדיור גבוהים מדי,אוֹ לְֽ|יֶ֫תֶר דִּיּוּק הִיא לֹא רוֹאָה מַשְׁבֵּר דִּיּוּר אֶ֫לָּא הִיא רוֹאָה מְאוֹת אַלְפֵי זוּגוֹת צְֽעִירִים שֶׁ|עוֹד שְׁנִיָּיה עֲלוּלִים לִצְעֹוק עָלֶ֫יהָ שׁוּב שֶׁ|מְּחִירֵי הַ|דִּיּוּר גְּבוֹהִים מִדַּי,ʔˈo lejˈeteʁ dijˈuk hˈi lˈo ʁoʔˈa maʃbˈeʁ dijˈuʁ ʔˈela hˈi ʁoʔˈa mʔˈot ʔalfˈej zuɡˈot tseʔiʁˈim ʃeʔˈod ʃnijˈa ʔalulˈim litsʔˈok ʔalˈeha ʃˈuv ʃemχiʁˈej hadijˈuʁ ɡvohˈim midˈaj
gold_012_line_055,אבל בין היתר גם סיבות כלכליות ותיירותיות,אֲבָל בֵּין הַ|יֶּ֫תֶר גַּם סִיבּוֹת כַּלְכָּלִיּוֹת וּֽ|תַיָּירוּתִיּוֹת,ʔavˈal bˈen hajˈeteʁ ɡˈam sibˈot kalkalijˈot utajaʁutijˈot
gold_005_line_150,דבר ראשון סופרמרקטים דווקא כן דוחפים במיבצעים מוצרים שהם לא ריווחיים להם כמו חיתולים,דָּבָר רִאשׁוֹן סוּפֶּרְמַרְקְטִים דַּ֫וְוקָא כֵּן דּוֹחֲפִים בַּֽ|מִיבְצְעִים מוּצָרִים שֶׁ|הֵם לֹא רִיוּוחִיִּים לָהֶם כְּמוֹ חִיתּוּלִים,davˈaʁ ʁiʃˈon supeʁmaʁktˈim dˈavka kˈen doχafˈim baemivtsʔˈim mutsaʁˈim ʃehˈem lˈo ʁijvχijˈim lahˈem kmˈo χitulˈim
gold_001_line_035,או בעצם זה כל מה שנישאר רק הזיכרונות וגם הם כבר די דהויים,אוֹ בְּֽעֶ֫צֶם זֶה כׇּל מָה שֶׁ|נִּישָּׁאֵר רַק הַ|זִּיכְרוֹנוֹת וְֽ|גַם הֵם כְּבָר דֵּי דְּֽהוּיִים,ʔˈo beʔˈetsem zˈe kˈol mˈa ʃeniʃaʔˈeʁ ʁˈak haziχʁonˈot veɡˈam hˈem kvˈaʁ dˈej dehujˈim
gold_010_line_023,וגם אצלנו בישראל לשכת התעסוקה דיווחה על עלייה במיספר המתפטרים אהמ,וְֽ|גַם אֶצְלֵ֫נוּ בְּֽ|יִשְׂרָאֵל לִשְׁכַּת הַ|תַּעֲסוּקָה דִּיוְּוחָה עַל עֲלִיָּיה בְּֽ|מִיסְפַּר הַ|מִּתְפַּטְּרִים אהמ,veɡˈam ʔetslˈenu bejisʁaʔˈel liʃkˈat hataʔasukˈa divχˈa ʔˈal ʔalijˈa bemispˈaʁ hamitpatʁˈim ʔˈhm
gold_007_line_046,בן מאיר הגיע לתפקיד הזה אחרי ששימש כסמנכל הכספים והמישנה למנכל של חברת מוריה,בֶּן מֵאִיר הִגִּ֫יעַ לַ|תַּפְקִיד הַ|זֶּה אַחֲרֵי שֶׁ|שִּׁימֵּ֫שׁ כְּֽ|סָמַ֫נְכֶל הַ|כְּסָפִים וְֽהַ|מִּישְׁנֶה לַ|מַּנְכָּל שֶׁל חֶבְרַת מוֹרִ֫יָה,bˈen meʔˈiʁ hiɡˈia latafkˈid hazˈe ʔaχaʁˈej ʃeʃimˈeʃ kesamˈanχel haksafˈim vehamiʃnˈe lamankˈal ʃˈel χevʁˈat moʁˈija
